question,expected_source,rank
How much printing credit does each student receive per semester?,admin_printing_quota.txt,1
How much printing credit does each student receive per semester?,admin_printing_quota.txt,1
How much printing credit does each student receive per semester?,admin_printing_quota.txt,1
What is the last week in which a student can add a course?,admin_add_drop_deadline.txt,1
What is the last week in which a student can add a course?,admin_add_drop_deadline.txt,1
What is the last week in which a student can add a course?,admin_add_drop_deadline.txt,1
How many midterms are given in CS 210?,course_cs_210_exams.txt,1
How many midterms are given in CS 210?,course_cs_210_exams.txt,1
How many midterms are given in CS 210?,course_cs_210_exams.txt,1
How quickly do student parking permits for the west lots usually sell out?,admin_parking_permits.txt,1
How quickly do student parking permits for the west lots usually sell out?,admin_parking_permits.txt,1
How quickly do student parking permits for the west lots usually sell out?,admin_parking_permits.txt,1
When are housing-lottery numbers released?,admin_housing_lottery.txt,1
When are housing-lottery numbers released?,admin_housing_lottery.txt,1
When are housing-lottery numbers released?,admin_housing_lottery.txt,1
How much printing credit does each student receive per semester?,admin_printing_quota.txt,1
How much printing credit does each student receive per semester?,admin_printing_quota.txt,1
How much printing credit does each student receive per semester?,admin_printing_quota.txt,1
What is the last week in which a student can add a course?,admin_add_drop_deadline.txt,1
What is the last week in which a student can add a course?,admin_add_drop_deadline.txt,1
What is the last week in which a student can add a course?,admin_add_drop_deadline.txt,1
How many midterms are given in CS 210?,course_cs_210_exams.txt,1
How many midterms are given in CS 210?,course_cs_210_exams.txt,1
How many midterms are given in CS 210?,course_cs_210_exams.txt,1
How quickly do student parking permits for the west lots usually sell out?,admin_parking_permits.txt,1
How quickly do student parking permits for the west lots usually sell out?,admin_parking_permits.txt,1
How quickly do student parking permits for the west lots usually sell out?,admin_parking_permits.txt,1
When are housing-lottery numbers released?,admin_housing_lottery.txt,1
When are housing-lottery numbers released?,admin_housing_lottery.txt,1
When are housing-lottery numbers released?,admin_housing_lottery.txt,1
